30,1,management,Quan ly,11,Masan Group,Tập đoàn Masan,Tap doan tieu dung hang dau. Nhieu co hoi quan ly chuoi ban le.,FMCG & Retail,enterprise,HCM / Hanoi,https://careers.masangroup.com,https://www.linkedin.com/jobs/search/?keywords=Masan+Group&location=Vietnam,https://www.vietnamworks.com/viec-lam?keyword=Masan+Group,https://www.topcv.vn/viec-lam?keyword=Masan+Group,https://itviec.com/it-jobs?query=Masan+Group,,https://vn.indeed.com/jobs?q=Masan+Group,t,t,2026-04-28 09:43:56.175192+00,2026-04-28 14:37:30.358374+00
31,1,management,Quan ly,11,Hoa Phat Group,Tập đoàn Hòa Phát,Tap doan thep lon nhat Viet Nam. Tuyen quan ly san xuat va van hanh.,Steel & Manufacturing,enterprise,Nationwide,https://hoaphat.com.vn/tuyen-dung,https://www.linkedin.com/jobs/search/?keywords=Hoa+Phat+Group&location=Vietnam,https://www.vietnamworks.com/viec-lam?keyword=Hoa+Phat+Group,https://www.topcv.vn/viec-lam?keyword=Hoa+Phat+Group,https://itviec.com/it-jobs?query=Hoa+Phat+Group,,https://vn.indeed.com/jobs?q=Hoa+Phat+Group,t,t,2026-04-28 09:43:56.175192+00,2026-04-28 14:37:30.358374+00
32,1,management,Quan ly,11,Thaco Group,Trường Hải Auto,Tap doan o to va ban le hang dau. Nhieu vi tri quan ly cap cao.,Automotive,enterprise,Nationwide,https://thaco.com.vn/tuyen-dung,https://www.linkedin.com/jobs/search/?keywords=Thaco+Group&location=Vietnam,https://www.vietnamworks.com/viec-lam?keyword=Thaco+Group,https://www.topcv.vn/viec-lam?keyword=Thaco+Group,https://itviec.com/it-jobs?query=Thaco+Group,,https://vn.indeed.com/jobs?q=Thaco+Group,t,t,2026-04-28 09:43:56.175192+00,2026-04-28 14:37:30.358374+00
33,2,business-finance,Kinh doanh & Tai chinh,13,Vietcombank,Ngân hàng Ngoại thương Việt Nam,"Ngan hang lon nhat Viet Nam. Tuyen phan tich tai chinh, tin dung.",Banking,enterprise,Nationwide,https://vietcombank.com.vn/tuyen-dung,https://www.linkedin.com/jobs/search/?keywords=Vietcombank&location=Vietnam,https://www.vietnamworks.com/viec-lam?keyword=Vietcombank,https://www.topcv.vn/viec-lam?keyword=Vietcombank,https://itviec.com/it-jobs?query=Vietcombank,,https://vn.indeed.com/jobs?q=Vietcombank,t,t,2026-04-28 09:43:56.175192+00,2026-04-28 14:37:30.358374+00
34,2,business-finance,Kinh doanh & Tai chinh,13,Techcombank,Ngân hàng Kỹ thương,"Ngan hang tu nhan hang dau. Chuyen tuyen phan tich RI, kinh doanh.",Banking,enterprise,HCM / Hanoi,https://careers.techcombank.com.vn,https://www.linkedin.com/jobs/search/?keywords=Techcombank&location=Vietnam,https://www.vietnamworks.com/viec-lam?keyword=Techcombank,https://www.topcv.vn/viec-lam?keyword=Techcombank,https://itviec.com/it-jobs?query=Techcombank,,https://vn.indeed.com/jobs?q=Techcombank,t,t,2026-04-28 09:43:56.175192+00,2026-04-28 14:37:30.358374+00
35,2,business-finance,Kinh doanh & Tai chinh,13,PricewaterhouseCoopers Vietnam,PwC Việt Nam,"Big4 kiem toan. Tuyen audit, tax, advisory, business consulting.",Consulting,large,HCM / Hanoi,https://www.pwc.com/vn/en/careers.html,https://www.linkedin.com/jobs/search/?keywords=PricewaterhouseCoopers+Vietnam&location=Vietnam,https://www.vietnamworks.com/viec-lam?keyword=PricewaterhouseCoopers+Vietnam,https://www.topcv.vn/viec-lam?keyword=PricewaterhouseCoopers+Vietnam,https://itviec.com/it-jobs?query=PricewaterhouseCoopers+Vietnam,,https://vn.indeed.com/jobs?q=PricewaterhouseCoopers+Vietnam,t,t,2026-04-28 09:43:56.175192+00,2026-04-28 14:37:30.358374+00
36,2,business-finance,Kinh doanh & Tai chinh,13,Deloitte Vietnam,Deloitte Việt Nam,"Big4 kiem toan. Vi tri phan tich RI, tu van tai chinh, kiem toan.",Consulting,large,HCM / Hanoi,https://www2.deloitte.com/vn/en/pages/careers/,https://www.linkedin.com/jobs/search/?keywords=Deloitte+Vietnam&location=Vietnam,https://www.vietnamworks.com/viec-lam?keyword=Deloitte+Vietnam,https://www.topcv.vn/viec-lam?keyword=Deloitte+Vietnam,https://itviec.com/it-jobs?query=Deloitte+Vietnam,,https://vn.indeed.com/jobs?q=Deloitte+Vietnam,t,t,2026-04-28 09:43:56.175192+00,2026-04-28 14:37:30.358374+00
37,2,business-finance,Kinh doanh & Tai chinh,13,KPMG Vietnam,KPMG Việt Nam,Big4 kiem toan. Tuyen chuyen vien RI kiem toan va tu van.,Consulting,large,HCM / Hanoi,https://home.kpmg/vn/en/home/careers.html,https://www.linkedin.com/jobs/search/?keywords=KPMG+Vietnam&location=Vietnam,https://www.vietnamworks.com/viec-lam?keyword=KPMG+Vietnam,https://www.topcv.vn/viec-lam?keyword=KPMG+Vietnam,https://itviec.com/it-jobs?query=KPMG+Vietnam,,https://vn.indeed.com/jobs?q=KPMG+Vietnam,t,t,2026-04-28 09:43:56.175192+00,2026-04-28 14:37:30.358374+00
38,2,business-finance,Kinh doanh & Tai chinh,13,MoMo,Ví MoMo,"Vi dien tu hang dau Viet Nam. Tuyen tai chinh, product, risk analysis.",Fintech,large,HCM,https://momo.vn/tuyen-dung,https://www.linkedin.com/jobs/search/?keywords=MoMo&location=Vietnam,https://www.vietnamworks.com/viec-lam?keyword=MoMo,https://www.topcv.vn/viec-lam?keyword=MoMo,https://itviec.com/it-jobs?query=MoMo,,https://vn.indeed.com/jobs?q=MoMo,t,t,2026-04-28 09:43:56.175192+00,2026-04-28 14:37:30.358374+00
39,3,computer-math,Cong nghe thong tin,15,FPT Software,FPT Software,"Cong ty phan mem lon nhat Viet Nam. Tuyen lap trinh vien, BA, QA.",Software Outsourcing,enterprise,Nationwide,https://careers.fpt-software.com,https://www.linkedin.com/jobs/search/?keywords=FPT+Software&location=Vietnam,https://www.vietnamworks.com/viec-lam?keyword=FPT+Software,https://www.topcv.vn/viec-lam?keyword=FPT+Software,https://itviec.com/it-jobs?query=FPT+Software,,https://vn.indeed.com/jobs?q=FPT+Software,t,t,2026-04-28 09:43:56.175192+00,2026-04-28 14:37:30.358374+00
40,3,computer-math,Cong nghe thong tin,15,VNG Corporation,VNG Corporation,"Cong ty internet hang dau Viet Nam (Zalo). Tuyen backend, mobile, AI.",Internet Technology,large,HCM,https://www.vng.com.vn/tuyen-dung,https://www.linkedin.com/jobs/search/?keywords=VNG+Corporation&location=Vietnam,https://www.vietnamworks.com/viec-lam?keyword=VNG+Corporation,https://www.topcv.vn/viec-lam?keyword=VNG+Corporation,https://itviec.com/it-jobs?query=VNG+Corporation,,https://vn.indeed.com/jobs?q=VNG+Corporation,t,t,2026-04-28 09:43:56.175192+00,2026-04-28 14:37:30.358374+00
41,3,computer-math,Cong nghe thong tin,15,Tiki,Tiki,"San TMDT lon nhat Viet Nam. Tuyen fullstack, data engineer, ML.",E-commerce,large,HCM,https://tiki.vn/tuyen-dung,https://www.linkedin.com/jobs/search/?keywords=Tiki&location=Vietnam,https://www.vietnamworks.com/viec-lam?keyword=Tiki,https://www.topcv.vn/viec-lam?keyword=Tiki,https://itviec.com/it-jobs?query=Tiki,,https://vn.indeed.com/jobs?q=Tiki,t,t,2026-04-28 09:43:56.175192+00,2026-04-28 14:37:30.358374+00
42,3,computer-math,Cong nghe thong tin,15,Shopee Vietnam,Shopee Việt Nam,"San TMDT lon. Tuyen backend Java/Go, data science, product.",E-commerce,enterprise,HCM,https://careers.shopee.vn,https://www.linkedin.com/jobs/search/?keywords=Shopee+Vietnam&location=Vietnam,https://www.vietnamworks.com/viec-lam?keyword=Shopee+Vietnam,https://www.topcv.vn/viec-lam?keyword=Shopee+Vietnam,https://itviec.com/it-jobs?query=Shopee+Vietnam,,https://vn.indeed.com/jobs?q=Shopee+Vietnam,t,t,2026-04-28 09:43:56.175192+00,2026-04-28 14:37:30.358374+00
43,3,computer-math,Cong nghe thong tin,15,Grab Vietnam,Grab Việt Nam,"Ung dung goi xe, delivery. Tuyen SWE, ML engineer, data analyst.",Super App,enterprise,HCM / Hanoi,https://careers.grab.com,https://www.linkedin.com/jobs/search/?keywords=Grab+Vietnam&location=Vietnam,https://www.vietnamworks.com/viec-lam?keyword=Grab+Vietnam,https://www.topcv.vn/viec-lam?keyword=Grab+Vietnam,https://itviec.com/it-jobs?query=Grab+Vietnam,,https://vn.indeed.com/jobs?q=Grab+Vietnam,t,t,2026-04-28 09:43:56.175192+00,2026-04-28 14:37:30.358374+00
44,3,computer-math,Cong nghe thong tin,15,KMS Technology,KMS Technology,"Cong ty phan mem Viet-My. Tuyen fullstack, QA automation, DevOps.",Software Services,large,HCM,https://kms-technology.com/careers,https://www.linkedin.com/jobs/search/?keywords=KMS+Technology&location=Vietnam,https://www.vietnamworks.com/viec-lam?keyword=KMS+Technology,https://www.topcv.vn/viec-lam?keyword=KMS+Technology,https://itviec.com/it-jobs?query=KMS+Technology,,https://vn.indeed.com/jobs?q=KMS+Technology,t,t,2026-04-28 09:43:56.175192+00,2026-04-28 14:37:30.358374+00
45,3,computer-math,Cong nghe thong tin,15,Axon Active Vietnam,Axon Active,"Phan mem outsourcing Thuy Si. Agile/Scrum, tuyen SWE, BA.",Software Outsourcing,large,Da Nang / HCM,https://axonactive.com/careers,https://www.linkedin.com/jobs/search/?keywords=Axon+Active+Vietnam&location=Vietnam,https://www.vietnamworks.com/viec-lam?keyword=Axon+Active+Vietnam,https://www.topcv.vn/viec-lam?keyword=Axon+Active+Vietnam,https://itviec.com/it-jobs?query=Axon+Active+Vietnam,,https://vn.indeed.com/jobs?q=Axon+Active+Vietnam,t,t,2026-04-28 09:43:56.175192+00,2026-04-28 14:37:30.358374+00
46,3,computer-math,Cong nghe thong tin,15,Harvey Nash Vietnam,Harvey Nash Việt Nam,Cong ty phan mem Anh. Nhieu vi tri tech va IT outsourcing.,IT Staffing,large,HCM / Hanoi,https://harveynashvietnam.com/careers,https://www.linkedin.com/jobs/search/?keywords=Harvey+Nash+Vietnam&location=Vietnam,https://www.vietnamworks.com/viec-lam?keyword=Harvey+Nash+Vietnam,https://www.topcv.vn/viec-lam?keyword=Harvey+Nash+Vietnam,https://itviec.com/it-jobs?query=Harvey+Nash+Vietnam,,https://vn.indeed.com/jobs?q=Harvey+Nash+Vietnam,t,t,2026-04-28 09:43:56.175192+00,2026-04-28 14:37:30.358374+00
47,4,architecture-engineering,Kien truc & Ky thuat,17,Coteccons,Coteccons,"Cong ty xay dung hang dau. Tuyen ky su kien truc, co dien.",Construction & Engineering,enterprise,Nationwide,https://coteccons.vn/tuyen-dung,https://www.linkedin.com/jobs/search/?keywords=Coteccons&location=Vietnam,https://www.vietnamworks.com/viec-lam?keyword=Coteccons,https://www.topcv.vn/viec-lam?keyword=Coteccons,https://itviec.com/it-jobs?query=Coteccons,,https://vn.indeed.com/jobs?q=Coteccons,t,t,2026-04-28 09:43:56.175192+00,2026-04-28 14:37:30.358374+00
48,4,architecture-engineering,Kien truc & Ky thuat,17,Hoa Binh Construction,Tập đoàn Xây dựng Hòa Bình,"Cong ty xay dung lon. Ky su ket cau, du toan, giam sat cong trinh.",Construction,enterprise,Nationwide,https://hoacom.vn/tuyen-dung,https://www.linkedin.com/jobs/search/?keywords=Hoa+Binh+Construction&location=Vietnam,https://www.vietnamworks.com/viec-lam?keyword=Hoa+Binh+Construction,https://www.topcv.vn/viec-lam?keyword=Hoa+Binh+Construction,https://itviec.com/it-jobs?query=Hoa+Binh+Construction,,https://vn.indeed.com/jobs?q=Hoa+Binh+Construction,t,t,2026-04-28 09:43:56.175192+00,2026-04-28 14:37:30.358374+00
49,4,architecture-engineering,Kien truc & Ky thuat,17,Novaland,Novaland,"BDS cao cap. Tuyen ky su xay dung, kiem soat chat luong.",Real Estate,enterprise,HCM,https://novaland.com.vn/tuyen-dung,https://www.linkedin.com/jobs/search/?keywords=Novaland&location=Vietnam,https://www.vietnamworks.com/viec-lam?keyword=Novaland,https://www.topcv.vn/viec-lam?keyword=Novaland,https://itviec.com/it-jobs?query=Novaland,,https://vn.indeed.com/jobs?q=Novaland,t,t,2026-04-28 09:43:56.175192+00,2026-04-28 14:37:30.358374+00
50,4,architecture-engineering,Kien truc & Ky thuat,17,EVN (Electricity of Vietnam),EVN,"Tap doan dien luc quoc gia. Ky su dien, tu dong hoa, IT.",Energy,enterprise,Nationwide,,https://www.linkedin.com/jobs/search/?keywords=EVN+%28Electricity+of+Vietnam%29&location=Vietnam,https://www.vietnamworks.com/viec-lam?keyword=EVN+%28Electricity+of+Vietnam%29,https://www.topcv.vn/viec-lam?keyword=EVN+%28Electricity+of+Vietnam%29,https://itviec.com/it-jobs?query=EVN+%28Electricity+of+Vietnam%29,,https://vn.indeed.com/jobs?q=EVN+%28Electricity+of+Vietnam%29,t,t,2026-04-28 09:43:56.175192+00,2026-04-28 14:37:30.358374+00
51,4,architecture-engineering,Kien truc & Ky thuat,17,Carrier Vietnam,Carrier Việt Nam,"Hang dieu hoa khong khi My. Ky su co dien lanh, bao tri.",HVAC,large,HCM / Hanoi,,https://www.linkedin.com/jobs/search/?keywords=Carrier+Vietnam&location=Vietnam,https://www.vietnamworks.com/viec-lam?keyword=Carrier+Vietnam,https://www.topcv.vn/viec-lam?keyword=Carrier+Vietnam,https://itviec.com/it-jobs?query=Carrier+Vietnam,,https://vn.indeed.com/jobs?q=Carrier+Vietnam,t,t,2026-04-28 09:43:56.175192+00,2026-04-28 14:37:30.358374+00
52,5,life-science,Khoa hoc tu nhien,19,Viettel High Tech,Viettel High Tech,"Nghien cuu cong nghe quoc phong. Tuyen ky su vat ly, hoa hoc, dien tu.",Defense Technology,enterprise,Hanoi,,https://www.linkedin.com/jobs/search/?keywords=Viettel+High+Tech&location=Vietnam,https://www.vietnamworks.com/viec-lam?keyword=Viettel+High+Tech,https://www.topcv.vn/viec-lam?keyword=Viettel+High+Tech,https://itviec.com/it-jobs?query=Viettel+High+Tech,,https://vn.indeed.com/jobs?q=Viettel+High+Tech,t,t,2026-04-28 09:43:56.175192+00,2026-04-28 14:37:30.358374+00
53,5,life-science,Khoa hoc tu nhien,19,Syngenta Vietnam,Syngenta Việt Nam,"Cong ty nong hoa hang dau. Tuyen nghien cuu thuc vat, hoa nong.",Agriculture Science,large,HCM,https://www.syngenta.com/en/careers,https://www.linkedin.com/jobs/search/?keywords=Syngenta+Vietnam&location=Vietnam,https://www.vietnamworks.com/viec-lam?keyword=Syngenta+Vietnam,https://www.topcv.vn/viec-lam?keyword=Syngenta+Vietnam,https://itviec.com/it-jobs?query=Syngenta+Vietnam,,https://vn.indeed.com/jobs?q=Syngenta+Vietnam,t,t,2026-04-28 09:43:56.175192+00,2026-04-28 14:37:30.358374+00
54,5,life-science,Khoa hoc tu nhien,19,Bureau Veritas Vietnam,Bureau Veritas,Kiem dinh chat luong quoc te. Tuyen ky thuat vien phong thi nghiem.,Testing & Inspection,large,HCM / Hanoi,https://www.bureauveritas.com/careers,https://www.linkedin.com/jobs/search/?keywords=Bureau+Veritas+Vietnam&location=Vietnam,https://www.vietnamworks.com/viec-lam?keyword=Bureau+Veritas+Vietnam,https://www.topcv.vn/viec-lam?keyword=Bureau+Veritas+Vietnam,https://itviec.com/it-jobs?query=Bureau+Veritas+Vietnam,,https://vn.indeed.com/jobs?q=Bureau+Veritas+Vietnam,t,t,2026-04-28 09:43:56.175192+00,2026-04-28 14:37:30.358374+00
55,5,life-science,Khoa hoc tu nhien,19,Viện Hàn lâm KH&CN Việt Nam,VAST,Vien nghien cuu khoa hoc quoc gia. Tuyen nghien cuu sinh vien tiến sĩ.,Research,enterprise,Hanoi,,https://www.linkedin.com/jobs/search/?keywords=Vi%E1%BB%87n+H%C3%A0n+l%C3%A2m+KH%26CN+Vi%E1%BB%87t+Nam&location=Vietnam,https://www.vietnamworks.com/viec-lam?keyword=Vi%E1%BB%87n+H%C3%A0n+l%C3%A2m+KH%26CN+Vi%E1%BB%87t+Nam,https://www.topcv.vn/viec-lam?keyword=Vi%E1%BB%87n+H%C3%A0n+l%C3%A2m+KH%26CN+Vi%E1%BB%87t+Nam,https://itviec.com/it-jobs?query=Vi%E1%BB%87n+H%C3%A0n+l%C3%A2m+KH%26CN+Vi%E1%BB%87t+Nam,,https://vn.indeed.com/jobs?q=Vi%E1%BB%87n+H%C3%A0n+l%C3%A2m+KH%26CN+Vi%E1%BB%87t+Nam,t,t,2026-04-28 09:43:56.175192+00,2026-04-28 14:37:30.358374+00
56,6,community-social,Dich vu cong dong,21,UNICEF Vietnam,UNICEF Việt Nam,"To chuc quoc te ve tre em. Tuyen chuyen gia xa hoi, truyen thong.",International NGO,large,Hanoi,https://www.unicef.org/vietnam/careers,https://www.linkedin.com/jobs/search/?keywords=UNICEF+Vietnam&location=Vietnam,https://www.vietnamworks.com/viec-lam?keyword=UNICEF+Vietnam,https://www.topcv.vn/viec-lam?keyword=UNICEF+Vietnam,https://itviec.com/it-jobs?query=UNICEF+Vietnam,,https://vn.indeed.com/jobs?q=UNICEF+Vietnam,t,t,2026-04-28 09:43:56.175192+00,2026-04-28 14:37:30.358374+00
57,6,community-social,Dich vu cong dong,21,Save the Children Vietnam,Save the Children,"NGO te tre em. Cong tac xa hoi, giao duc, y te cong dong.",NGO,large,Hanoi / Da Nang,https://www.savethechildren.net/careers,https://www.linkedin.com/jobs/search/?keywords=Save+the+Children+Vietnam&location=Vietnam,https://www.vietnamworks.com/viec-lam?keyword=Save+the+Children+Vietnam,https://www.topcv.vn/viec-lam?keyword=Save+the+Children+Vietnam,https://itviec.com/it-jobs?query=Save+the+Children+Vietnam,,https://vn.indeed.com/jobs?q=Save+the+Children+Vietnam,t,t,2026-04-28 09:43:56.175192+00,2026-04-28 14:37:30.358374+00
58,6,community-social,Dich vu cong dong,21,World Vision Vietnam,World Vision Việt Nam,"NGO phat trien cong dong. Tuyen chuyen vien xa hoi, du an.",NGO,large,Nationwide,https://www.worldvision.org.vn/careers,https://www.linkedin.com/jobs/search/?keywords=World+Vision+Vietnam&location=Vietnam,https://www.vietnamworks.com/viec-lam?keyword=World+Vision+Vietnam,https://www.topcv.vn/viec-lam?keyword=World+Vision+Vietnam,https://itviec.com/it-jobs?query=World+Vision+Vietnam,,https://vn.indeed.com/jobs?q=World+Vision+Vietnam,t,t,2026-04-28 09:43:56.175192+00,2026-04-28 14:37:30.358374+00
59,6,community-social,Dich vu cong dong,21,Plan International Vietnam,Plan International,"To chuc quyen tre em va binh dang gioi. Tuyen du an, chuyen gia.",NGO,large,Hanoi,,https://www.linkedin.com/jobs/search/?keywords=Plan+International+Vietnam&location=Vietnam,https://www.vietnamworks.com/viec-lam?keyword=Plan+International+Vietnam,https://www.topcv.vn/viec-lam?keyword=Plan+International+Vietnam,https://itviec.com/it-jobs?query=Plan+International+Vietnam,,https://vn.indeed.com/jobs?q=Plan+International+Vietnam,t,t,2026-04-28 09:43:56.175192+00,2026-04-28 14:37:30.358374+00
60,7,legal,Phap ly,23,Baker McKenzie Vietnam,Baker McKenzie,"Cong ty luat quoc te. Tuyen luat su thuong mai, M&A, FDI.",Law Firm,large,HCM / Hanoi,https://www.bakermckenzie.com/en/careers,https://www.linkedin.com/jobs/search/?keywords=Baker+McKenzie+Vietnam&location=Vietnam,https://www.vietnamworks.com/viec-lam?keyword=Baker+McKenzie+Vietnam,https://www.topcv.vn/viec-lam?keyword=Baker+McKenzie+Vietnam,https://itviec.com/it-jobs?query=Baker+McKenzie+Vietnam,,https://vn.indeed.com/jobs?q=Baker+McKenzie+Vietnam,t,t,2026-04-28 09:43:56.175192+00,2026-04-28 14:37:30.358374+00
61,7,legal,Phap ly,23,Allens (Linklaters Vietnam),Linklaters,"Cong ty luat My-Uc. Tap trung FDI, nang luong, M&A.",Law Firm,large,HCM,,https://www.linkedin.com/jobs/search/?keywords=Allens+%28Linklaters+Vietnam%29&location=Vietnam,https://www.vietnamworks.com/viec-lam?keyword=Allens+%28Linklaters+Vietnam%29,https://www.topcv.vn/viec-lam?keyword=Allens+%28Linklaters+Vietnam%29,https://itviec.com/it-jobs?query=Allens+%28Linklaters+Vietnam%29,,https://vn.indeed.com/jobs?q=Allens+%28Linklaters+Vietnam%29,t,t,2026-04-28 09:43:56.175192+00,2026-04-28 14:37:30.358374+00
62,7,legal,Phap ly,23,Indochine Counsel,Indochine Counsel,"Cong ty luat noi dia hang dau. Thuong mai, dau tu, cong nghe.",Law Firm,SME,HCM / Hanoi,https://indochinecounsel.com/careers,https://www.linkedin.com/jobs/search/?keywords=Indochine+Counsel&location=Vietnam,https://www.vietnamworks.com/viec-lam?keyword=Indochine+Counsel,https://www.topcv.vn/viec-lam?keyword=Indochine+Counsel,https://itviec.com/it-jobs?query=Indochine+Counsel,,https://vn.indeed.com/jobs?q=Indochine+Counsel,t,t,2026-04-28 09:43:56.175192+00,2026-04-28 14:37:30.358374+00
63,7,legal,Phap ly,23,HSBC Vietnam Legal,HSBC Legal,"Phong phap ly ngan hang HSBC. AML, KYC, compliance.",Banking Legal,enterprise,HCM,,https://www.linkedin.com/jobs/search/?keywords=HSBC+Vietnam+Legal&location=Vietnam,https://www.vietnamworks.com/viec-lam?keyword=HSBC+Vietnam+Legal,https://www.topcv.vn/viec-lam?keyword=HSBC+Vietnam+Legal,https://itviec.com/it-jobs?query=HSBC+Vietnam+Legal,,https://vn.indeed.com/jobs?q=HSBC+Vietnam+Legal,t,t,2026-04-28 09:43:56.175192+00,2026-04-28 14:37:30.358374+00
64,8,education,Giao duc,25,VUS Language Centers,VUS,He thong trung tam Anh ngu lon nhat. Tuyen giao vien cac cap.,Language Education,large,Nationwide,https://vus.edu.vn/careers,https://www.linkedin.com/jobs/search/?keywords=VUS+Language+Centers&location=Vietnam,https://www.vietnamworks.com/viec-lam?keyword=VUS+Language+Centers,https://www.topcv.vn/viec-lam?keyword=VUS+Language+Centers,https://itviec.com/it-jobs?query=VUS+Language+Centers,,https://vn.indeed.com/jobs?q=VUS+Language+Centers,t,t,2026-04-28 09:43:56.175192+00,2026-04-28 14:37:30.358374+00
65,8,education,Giao duc,25,IVY School System,Trường IVY,He thong truong tu thuc chat luong cao. Giao vien cac mon.,K-12 Education,large,HCM / Hanoi,,https://www.linkedin.com/jobs/search/?keywords=IVY+School+System&location=Vietnam,https://www.vietnamworks.com/viec-lam?keyword=IVY+School+System,https://www.topcv.vn/viec-lam?keyword=IVY+School+System,https://itviec.com/it-jobs?query=IVY+School+System,,https://vn.indeed.com/jobs?q=IVY+School+System,t,t,2026-04-28 09:43:56.175192+00,2026-04-28 14:37:30.358374+00
66,8,education,Giao duc,25,RMIT University Vietnam,Đại học RMIT Việt Nam,"Dai hoc Uc. Tuyen giang vien, nghien cuu vien cac linh vuc.",Higher Education,large,HCM / Hanoi,https://www.rmit.edu.vn/careers,https://www.linkedin.com/jobs/search/?keywords=RMIT+University+Vietnam&location=Vietnam,https://www.vietnamworks.com/viec-lam?keyword=RMIT+University+Vietnam,https://www.topcv.vn/viec-lam?keyword=RMIT+University+Vietnam,https://itviec.com/it-jobs?query=RMIT+University+Vietnam,,https://vn.indeed.com/jobs?q=RMIT+University+Vietnam,t,t,2026-04-28 09:43:56.175192+00,2026-04-28 14:37:30.358374+00
67,8,education,Giao duc,25,Topica Edtech Group,Topica,"Giao duc truc tuyen hang dau. Tuyen giang vien, chuyen gia noi dung.",EdTech,large,Hanoi / HCM,https://topica.net/tuyen-dung,https://www.linkedin.com/jobs/search/?keywords=Topica+Edtech+Group&location=Vietnam,https://www.vietnamworks.com/viec-lam?keyword=Topica+Edtech+Group,https://www.topcv.vn/viec-lam?keyword=Topica+Edtech+Group,https://itviec.com/it-jobs?query=Topica+Edtech+Group,,https://vn.indeed.com/jobs?q=Topica+Edtech+Group,t,t,2026-04-28 09:43:56.175192+00,2026-04-28 14:37:30.358374+00
68,8,education,Giao duc,25,British Council Vietnam,Hội đồng Anh,To chuc van hoa Anh. Tuyen giang vien tieng Anh va quan ly.,Cultural Education,large,HCM / Hanoi,https://www.britishcouncil.vn/careers,https://www.linkedin.com/jobs/search/?keywords=British+Council+Vietnam&location=Vietnam,https://www.vietnamworks.com/viec-lam?keyword=British+Council+Vietnam,https://www.topcv.vn/viec-lam?keyword=British+Council+Vietnam,https://itviec.com/it-jobs?query=British+Council+Vietnam,,https://vn.indeed.com/jobs?q=British+Council+Vietnam,t,t,2026-04-28 09:43:56.175192+00,2026-04-28 14:37:30.358374+00
69,9,arts-media,Nghe thuat & Truyen thong,27,VCCorp,VCCorp,"Cong ty truyen thong lon (Dân Trí, Soha). Tuyen designer, content.",Media & Technology,large,Hanoi,https://vccorp.vn/tuyen-dung,https://www.linkedin.com/jobs/search/?keywords=VCCorp&location=Vietnam,https://www.vietnamworks.com/viec-lam?keyword=VCCorp,https://www.topcv.vn/viec-lam?keyword=VCCorp,https://itviec.com/it-jobs?query=VCCorp,,https://vn.indeed.com/jobs?q=VCCorp,t,t,2026-04-28 09:43:56.175192+00,2026-04-28 14:37:30.358374+00
70,9,arts-media,Nghe thuat & Truyen thong,27,VTV Digital,VTV Digital,"Dai truyen hinh quoc gia. Tuyen bien tap vien, ky thuat truyen hinh.",Broadcasting,large,Hanoi,,https://www.linkedin.com/jobs/search/?keywords=VTV+Digital&location=Vietnam,https://www.vietnamworks.com/viec-lam?keyword=VTV+Digital,https://www.topcv.vn/viec-lam?keyword=VTV+Digital,https://itviec.com/it-jobs?query=VTV+Digital,,https://vn.indeed.com/jobs?q=VTV+Digital,t,t,2026-04-28 09:43:56.175192+00,2026-04-28 14:37:30.358374+00
71,9,arts-media,Nghe thuat & Truyen thong,27,Dentsu Vietnam,Dentsu Việt Nam,"Agency quang cao quoc te. Tuyen creative, account, digital marketing.",Advertising,large,HCM,https://www.dentsu.com/careers,https://www.linkedin.com/jobs/search/?keywords=Dentsu+Vietnam&location=Vietnam,https://www.vietnamworks.com/viec-lam?keyword=Dentsu+Vietnam,https://www.topcv.vn/viec-lam?keyword=Dentsu+Vietnam,https://itviec.com/it-jobs?query=Dentsu+Vietnam,,https://vn.indeed.com/jobs?q=Dentsu+Vietnam,t,t,2026-04-28 09:43:56.175192+00,2026-04-28 14:37:30.358374+00
72,9,arts-media,Nghe thuat & Truyen thong,27,Ogilvy Vietnam,Ogilvy Vietnam,"Agency quang cao lon. Creative director, copywriter, designer.",Advertising,large,HCM,https://www.ogilvy.com/talent,https://www.linkedin.com/jobs/search/?keywords=Ogilvy+Vietnam&location=Vietnam,https://www.vietnamworks.com/viec-lam?keyword=Ogilvy+Vietnam,https://www.topcv.vn/viec-lam?keyword=Ogilvy+Vietnam,https://itviec.com/it-jobs?query=Ogilvy+Vietnam,,https://vn.indeed.com/jobs?q=Ogilvy+Vietnam,t,t,2026-04-28 09:43:56.175192+00,2026-04-28 14:37:30.358374+00
73,9,arts-media,Nghe thuat & Truyen thong,27,Canifa,Canifa,"Thuong hieu thoi trang Viet Nam. Tuyen designer thoi trang, visual.",Fashion Retail,large,Nationwide,https://canifa.com/tuyen-dung,https://www.linkedin.com/jobs/search/?keywords=Canifa&location=Vietnam,https://www.vietnamworks.com/viec-lam?keyword=Canifa,https://www.topcv.vn/viec-lam?keyword=Canifa,https://itviec.com/it-jobs?query=Canifa,,https://vn.indeed.com/jobs?q=Canifa,t,t,2026-04-28 09:43:56.175192+00,2026-04-28 14:37:30.358374+00
74,10,healthcare-practitioners,Y te chuyen nghiep,29,Vinmec International Hospital,Bệnh viện Vinmec,"He thong benh vien cao cap Vingroup. Bac si, dieu duong, duoc si.",Healthcare,enterprise,Nationwide,https://www.vinmec.com/vi/tuyen-dung,https://www.linkedin.com/jobs/search/?keywords=Vinmec+International+Hospital&location=Vietnam,https://www.vietnamworks.com/viec-lam?keyword=Vinmec+International+Hospital,https://www.topcv.vn/viec-lam?keyword=Vinmec+International+Hospital,https://itviec.com/it-jobs?query=Vinmec+International+Hospital,,https://vn.indeed.com/jobs?q=Vinmec+International+Hospital,t,t,2026-04-28 09:43:56.175192+00,2026-04-28 14:37:30.358374+00
75,10,healthcare-practitioners,Y te chuyen nghiep,29,FV Hospital,Bệnh viện FV,"Benh vien Phap-Viet. Bac si chuyen khoa, dieu duong quoc te.",Healthcare,large,HCM,https://www.fvhospital.com/vi/careers,https://www.linkedin.com/jobs/search/?keywords=FV+Hospital&location=Vietnam,https://www.vietnamworks.com/viec-lam?keyword=FV+Hospital,https://www.topcv.vn/viec-lam?keyword=FV+Hospital,https://itviec.com/it-jobs?query=FV+Hospital,,https://vn.indeed.com/jobs?q=FV+Hospital,t,t,2026-04-28 09:43:56.175192+00,2026-04-28 14:37:30.358374+00
76,10,healthcare-practitioners,Y te chuyen nghiep,29,Bệnh viện Bạch Mai,Bệnh viện Bạch Mai,Benh vien tuyen cuoi lon nhat Mien Bac. Bac si chuyen khoa sau.,Healthcare,enterprise,Hanoi,,https://www.linkedin.com/jobs/search/?keywords=B%E1%BB%87nh+vi%E1%BB%87n+B%E1%BA%A1ch+Mai&location=Vietnam,https://www.vietnamworks.com/viec-lam?keyword=B%E1%BB%87nh+vi%E1%BB%87n+B%E1%BA%A1ch+Mai,https://www.topcv.vn/viec-lam?keyword=B%E1%BB%87nh+vi%E1%BB%87n+B%E1%BA%A1ch+Mai,https://itviec.com/it-jobs?query=B%E1%BB%87nh+vi%E1%BB%87n+B%E1%BA%A1ch+Mai,,https://vn.indeed.com/jobs?q=B%E1%BB%87nh+vi%E1%BB%87n+B%E1%BA%A1ch+Mai,t,t,2026-04-28 09:43:56.175192+00,2026-04-28 14:37:30.358374+00
77,10,healthcare-practitioners,Y te chuyen nghiep,29,Hoan My Medical Group,Bệnh viện Hoàn Mỹ,"Chuoi benh vien tu nhan. Bac si, dieu duong, ky thuat y te.",Healthcare,enterprise,Nationwide,https://www.hoanmy.com/tuyen-dung,https://www.linkedin.com/jobs/search/?keywords=Hoan+My+Medical+Group&location=Vietnam,https://www.vietnamworks.com/viec-lam?keyword=Hoan+My+Medical+Group,https://www.topcv.vn/viec-lam?keyword=Hoan+My+Medical+Group,https://itviec.com/it-jobs?query=Hoan+My+Medical+Group,,https://vn.indeed.com/jobs?q=Hoan+My+Medical+Group,t,t,2026-04-28 09:43:56.175192+00,2026-04-28 14:37:30.358374+00
78,11,healthcare-support,Ho tro y te,31,Vinmec (Support),Vinmec - Hỗ trợ Y tế,"Dieu duong ho tro, ky thuat vien phong thi nghiem, X-quang.",Healthcare,enterprise,Nationwide,,https://www.linkedin.com/jobs/search/?keywords=Vinmec+%28Support%29&location=Vietnam,https://www.vietnamworks.com/viec-lam?keyword=Vinmec+%28Support%29,https://www.topcv.vn/viec-lam?keyword=Vinmec+%28Support%29,https://itviec.com/it-jobs?query=Vinmec+%28Support%29,,https://vn.indeed.com/jobs?q=Vinmec+%28Support%29,t,t,2026-04-28 09:43:56.175192+00,2026-04-28 14:37:30.358374+00
79,11,healthcare-support,Ho tro y te,31,Pharmacity,Pharmacity,"Chuoi nha thuoc lon nhat VN. Duoc si, chuyen vien ban hang thuoc.",Pharmacy Retail,enterprise,Nationwide,https://pharmacity.vn/tuyen-dung,https://www.linkedin.com/jobs/search/?keywords=Pharmacity&location=Vietnam,https://www.vietnamworks.com/viec-lam?keyword=Pharmacity,https://www.topcv.vn/viec-lam?keyword=Pharmacity,https://itviec.com/it-jobs?query=Pharmacity,,https://vn.indeed.com/jobs?q=Pharmacity,t,t,2026-04-28 09:43:56.175192+00,2026-04-28 14:37:30.358374+00
80,11,healthcare-support,Ho tro y te,31,An Khang Pharmacy,Nhà thuốc An Khang,"Chuoi nha thuoc MWG. Duoc si, chuyen vien duoc.",Pharmacy Retail,large,Nationwide,https://ankhang.vn/tuyen-dung,https://www.linkedin.com/jobs/search/?keywords=An+Khang+Pharmacy&location=Vietnam,https://www.vietnamworks.com/viec-lam?keyword=An+Khang+Pharmacy,https://www.topcv.vn/viec-lam?keyword=An+Khang+Pharmacy,https://itviec.com/it-jobs?query=An+Khang+Pharmacy,,https://vn.indeed.com/jobs?q=An+Khang+Pharmacy,t,t,2026-04-28 09:43:56.175192+00,2026-04-28 14:37:30.358374+00
81,12,protective-service,Dich vu bao ve,33,G4S Vietnam,G4S Việt Nam,"Cong ty bao ve quoc te. Nhan vien bao ve, quan sat, van chuyen tien.",Security Services,enterprise,Nationwide,https://www.g4s.com/en-vn/careers,https://www.linkedin.com/jobs/search/?keywords=G4S+Vietnam&location=Vietnam,https://www.vietnamworks.com/viec-lam?keyword=G4S+Vietnam,https://www.topcv.vn/viec-lam?keyword=G4S+Vietnam,https://itviec.com/it-jobs?query=G4S+Vietnam,,https://vn.indeed.com/jobs?q=G4S+Vietnam,t,t,2026-04-28 09:43:56.175192+00,2026-04-28 14:37:30.358374+00
82,12,protective-service,Dich vu bao ve,33,Securitas Vietnam,Securitas,"Bao ve chuyen nghiep. Kiem soat an ninh, cong nghe giam sat.",Security Services,large,HCM / Hanoi,https://www.securitas.com/vn/en/careers,https://www.linkedin.com/jobs/search/?keywords=Securitas+Vietnam&location=Vietnam,https://www.vietnamworks.com/viec-lam?keyword=Securitas+Vietnam,https://www.topcv.vn/viec-lam?keyword=Securitas+Vietnam,https://itviec.com/it-jobs?query=Securitas+Vietnam,,https://vn.indeed.com/jobs?q=Securitas+Vietnam,t,t,2026-04-28 09:43:56.175192+00,2026-04-28 14:37:30.358374+00
83,12,protective-service,Dich vu bao ve,33,Central Group Vietnam Loss Prevention,Central Group - Loss Prevention,"Bao ve hang hoa tai he thong BigC, Go!. Quan ly phong chong mat mat.",Retail Security,enterprise,Nationwide,,https://www.linkedin.com/jobs/search/?keywords=Central+Group+Vietnam+Loss+Prevention&location=Vietnam,https://www.vietnamworks.com/viec-lam?keyword=Central+Group+Vietnam+Loss+Prevention,https://www.topcv.vn/viec-lam?keyword=Central+Group+Vietnam+Loss+Prevention,https://itviec.com/it-jobs?query=Central+Group+Vietnam+Loss+Prevention,,https://vn.indeed.com/jobs?q=Central+Group+Vietnam+Loss+Prevention,t,t,2026-04-28 09:43:56.175192+00,2026-04-28 14:37:30.358374+00
84,13,food-service,Dich vu an uong,35,Pizza 4P's,Pizza 4P's,"Chuoi nha hang pizza cao cap Nhat Ban. Dau bep, phuc vu, quan ly.",Restaurant,large,Nationwide,https://pizza4ps.com/careers,https://www.linkedin.com/jobs/search/?keywords=Pizza+4P%27s&location=Vietnam,https://www.vietnamworks.com/viec-lam?keyword=Pizza+4P%27s,https://www.topcv.vn/viec-lam?keyword=Pizza+4P%27s,https://itviec.com/it-jobs?query=Pizza+4P%27s,,https://vn.indeed.com/jobs?q=Pizza+4P%27s,t,t,2026-04-28 09:43:56.175192+00,2026-04-28 14:37:30.358374+00
85,13,food-service,Dich vu an uong,35,Golden Gate,Golden Gate F&B,"Chuoi nha hang lon nhat VN (Kichi-Kichi, Vuvuzela). Dau bep, quan ly.",Restaurant Chain,enterprise,Nationwide,https://www.goldengate.vn/tuyen-dung,https://www.linkedin.com/jobs/search/?keywords=Golden+Gate&location=Vietnam,https://www.vietnamworks.com/viec-lam?keyword=Golden+Gate,https://www.topcv.vn/viec-lam?keyword=Golden+Gate,https://itviec.com/it-jobs?query=Golden+Gate,,https://vn.indeed.com/jobs?q=Golden+Gate,t,t,2026-04-28 09:43:56.175192+00,2026-04-28 14:37:30.358374+00
86,13,food-service,Dich vu an uong,35,InterContinental Hanoi Westlake,InterContinental Hanoi,"Khach san 5 sao. Dau bep, quan ly nha hang cao cap.",Hotel F&B,large,Hanoi,https://careers.ihg.com,https://www.linkedin.com/jobs/search/?keywords=InterContinental+Hanoi+Westlake&location=Vietnam,https://www.vietnamworks.com/viec-lam?keyword=InterContinental+Hanoi+Westlake,https://www.topcv.vn/viec-lam?keyword=InterContinental+Hanoi+Westlake,https://itviec.com/it-jobs?query=InterContinental+Hanoi+Westlake,,https://vn.indeed.com/jobs?q=InterContinental+Hanoi+Westlake,t,t,2026-04-28 09:43:56.175192+00,2026-04-28 14:37:30.358374+00
87,13,food-service,Dich vu an uong,35,Starbucks Vietnam,Starbucks Việt Nam,"Chuoi ca phe quoc te. Barista, giam sat ca, quan ly cua hang.",Coffee Chain,large,HCM / Hanoi,https://www.starbucks.vn/careers,https://www.linkedin.com/jobs/search/?keywords=Starbucks+Vietnam&location=Vietnam,https://www.vietnamworks.com/viec-lam?keyword=Starbucks+Vietnam,https://www.topcv.vn/viec-lam?keyword=Starbucks+Vietnam,https://itviec.com/it-jobs?query=Starbucks+Vietnam,,https://vn.indeed.com/jobs?q=Starbucks+Vietnam,t,t,2026-04-28 09:43:56.175192+00,2026-04-28 14:37:30.358374+00
88,13,food-service,Dich vu an uong,35,Highlands Coffee,Highlands Coffee,"Chuoi ca phe Viet Nam lon nhat. Nhan vien pha che, quan ly.",Coffee Chain,enterprise,Nationwide,https://www.highlandscoffee.com.vn/tuyen-dung,https://www.linkedin.com/jobs/search/?keywords=Highlands+Coffee&location=Vietnam,https://www.vietnamworks.com/viec-lam?keyword=Highlands+Coffee,https://www.topcv.vn/viec-lam?keyword=Highlands+Coffee,https://itviec.com/it-jobs?query=Highlands+Coffee,,https://vn.indeed.com/jobs?q=Highlands+Coffee,t,t,2026-04-28 09:43:56.175192+00,2026-04-28 14:37:30.358374+00
89,14,building-maintenance,Bao tri toa nha,37,Savills Vietnam,Savills Việt Nam,"Quan ly bat dong san quoc te. Ky thuat toa nha, facilities.",Property Management,large,HCM / Hanoi,https://www.savills.com.vn/careers,https://www.linkedin.com/jobs/search/?keywords=Savills+Vietnam&location=Vietnam,https://www.vietnamworks.com/viec-lam?keyword=Savills+Vietnam,https://www.topcv.vn/viec-lam?keyword=Savills+Vietnam,https://itviec.com/it-jobs?query=Savills+Vietnam,,https://vn.indeed.com/jobs?q=Savills+Vietnam,t,t,2026-04-28 09:43:56.175192+00,2026-04-28 14:37:30.358374+00
90,14,building-maintenance,Bao tri toa nha,37,CBRE Vietnam,CBRE Việt Nam,"Dich vu bat dong san quoc te. Bao tri co so vat chat, facilities.",Property Services,large,HCM / Hanoi,https://www.cbre.com.vn/careers,https://www.linkedin.com/jobs/search/?keywords=CBRE+Vietnam&location=Vietnam,https://www.vietnamworks.com/viec-lam?keyword=CBRE+Vietnam,https://www.topcv.vn/viec-lam?keyword=CBRE+Vietnam,https://itviec.com/it-jobs?query=CBRE+Vietnam,,https://vn.indeed.com/jobs?q=CBRE+Vietnam,t,t,2026-04-28 09:43:56.175192+00,2026-04-28 14:37:30.358374+00
91,14,building-maintenance,Bao tri toa nha,37,Ecopark,Ecopark,"Do thi sinh thai lon nhat mien Bac. Ky thuat bao tri, canh quan.",Urban Development,enterprise,Hanoi,https://ecopark.com.vn/tuyen-dung,https://www.linkedin.com/jobs/search/?keywords=Ecopark&location=Vietnam,https://www.vietnamworks.com/viec-lam?keyword=Ecopark,https://www.topcv.vn/viec-lam?keyword=Ecopark,https://itviec.com/it-jobs?query=Ecopark,,https://vn.indeed.com/jobs?q=Ecopark,t,t,2026-04-28 09:43:56.175192+00,2026-04-28 14:37:30.358374+00
92,15,personal-care,Cham soc ca nhan,39,California Fitness & Yoga,California Fitness & Yoga,"Chuoi phong tap lon nhat VN. Huan luyen vien, quan ly phong tap.",Fitness,large,Nationwide,https://www.californiafitnessyoga.com/careers,https://www.linkedin.com/jobs/search/?keywords=California+Fitness+%26+Yoga&location=Vietnam,https://www.vietnamworks.com/viec-lam?keyword=California+Fitness+%26+Yoga,https://www.topcv.vn/viec-lam?keyword=California+Fitness+%26+Yoga,https://itviec.com/it-jobs?query=California+Fitness+%26+Yoga,,https://vn.indeed.com/jobs?q=California+Fitness+%26+Yoga,t,t,2026-04-28 09:43:56.175192+00,2026-04-28 14:37:30.358374+00
93,15,personal-care,Cham soc ca nhan,39,Six Senses Con Dao,Six Senses Côn Đảo,"Resort 5 sao. Chuyen vien spa, wellness, chao don khach cao cap.",Luxury Resort Spa,large,Ba Ria - Vung Tau,https://careers.sixsenses.com,https://www.linkedin.com/jobs/search/?keywords=Six+Senses+Con+Dao&location=Vietnam,https://www.vietnamworks.com/viec-lam?keyword=Six+Senses+Con+Dao,https://www.topcv.vn/viec-lam?keyword=Six+Senses+Con+Dao,https://itviec.com/it-jobs?query=Six+Senses+Con+Dao,,https://vn.indeed.com/jobs?q=Six+Senses+Con+Dao,t,t,2026-04-28 09:43:56.175192+00,2026-04-28 14:37:30.358374+00
94,15,personal-care,Cham soc ca nhan,39,HASAKI Beauty,HASAKI,"Chuoi cham soc sac dep. Chuyen vien lam dep, tu van san pham.",Beauty Retail,large,Nationwide,https://hasaki.vn/tuyen-dung,https://www.linkedin.com/jobs/search/?keywords=HASAKI+Beauty&location=Vietnam,https://www.vietnamworks.com/viec-lam?keyword=HASAKI+Beauty,https://www.topcv.vn/viec-lam?keyword=HASAKI+Beauty,https://itviec.com/it-jobs?query=HASAKI+Beauty,,https://vn.indeed.com/jobs?q=HASAKI+Beauty,t,t,2026-04-28 09:43:56.175192+00,2026-04-28 14:37:30.358374+00
95,15,personal-care,Cham soc ca nhan,39,Juno,Giày Juno,"Thuong hieu giay dep phu nu. Cham soc khach hang, ban hang.",Fashion Retail,large,Nationwide,https://juno.vn/tuyen-dung,https://www.linkedin.com/jobs/search/?keywords=Juno&location=Vietnam,https://www.vietnamworks.com/viec-lam?keyword=Juno,https://www.topcv.vn/viec-lam?keyword=Juno,https://itviec.com/it-jobs?query=Juno,,https://vn.indeed.com/jobs?q=Juno,t,t,2026-04-28 09:43:56.175192+00,2026-04-28 14:37:30.358374+00
96,16,sales,Ban hang,41,Shopee Vietnam,Shopee Việt Nam,"San TMDT hang dau. Sales manager, KAM, business development.",E-commerce,enterprise,HCM,https://careers.shopee.vn,https://www.linkedin.com/jobs/search/?keywords=Shopee+Vietnam&location=Vietnam,https://www.vietnamworks.com/viec-lam?keyword=Shopee+Vietnam,https://www.topcv.vn/viec-lam?keyword=Shopee+Vietnam,https://itviec.com/it-jobs?query=Shopee+Vietnam,,https://vn.indeed.com/jobs?q=Shopee+Vietnam,t,t,2026-04-28 09:43:56.175192+00,2026-04-28 14:37:30.358374+00
97,16,sales,Ban hang,41,Lazada Vietnam,Lazada,"TMDT lon. Key account, seller growth, business development.",E-commerce,enterprise,HCM,https://careers.lazada.vn,https://www.linkedin.com/jobs/search/?keywords=Lazada+Vietnam&location=Vietnam,https://www.vietnamworks.com/viec-lam?keyword=Lazada+Vietnam,https://www.topcv.vn/viec-lam?keyword=Lazada+Vietnam,https://itviec.com/it-jobs?query=Lazada+Vietnam,,https://vn.indeed.com/jobs?q=Lazada+Vietnam,t,t,2026-04-28 09:43:56.175192+00,2026-04-28 14:37:30.358374+00
98,16,sales,Ban hang,41,Unilever Vietnam,Unilever Việt Nam,"Tap doan FMCG. Sales rep, key account, trade marketing.",FMCG,enterprise,HCM,https://careers.unilever.com/vn,https://www.linkedin.com/jobs/search/?keywords=Unilever+Vietnam&location=Vietnam,https://www.vietnamworks.com/viec-lam?keyword=Unilever+Vietnam,https://www.topcv.vn/viec-lam?keyword=Unilever+Vietnam,https://itviec.com/it-jobs?query=Unilever+Vietnam,,https://vn.indeed.com/jobs?q=Unilever+Vietnam,t,t,2026-04-28 09:43:56.175192+00,2026-04-28 14:37:30.358374+00
99,16,sales,Ban hang,41,P&G Vietnam,P&G Việt Nam,"Tap doan san pham tieu dung. Sales, field force, marketing.",FMCG,enterprise,HCM,https://www.pg.com/careers,https://www.linkedin.com/jobs/search/?keywords=P%26G+Vietnam&location=Vietnam,https://www.vietnamworks.com/viec-lam?keyword=P%26G+Vietnam,https://www.topcv.vn/viec-lam?keyword=P%26G+Vietnam,https://itviec.com/it-jobs?query=P%26G+Vietnam,,https://vn.indeed.com/jobs?q=P%26G+Vietnam,t,t,2026-04-28 09:43:56.175192+00,2026-04-28 14:37:30.358374+00
100,16,sales,Ban hang,41,Vinamilk,Vinamilk,"Cong ty sua lon nhat VN. Sales rep, giam sat ban hang, key account.",FMCG - Dairy,enterprise,Nationwide,https://vinamilk.com.vn/tuyen-dung,https://www.linkedin.com/jobs/search/?keywords=Vinamilk&location=Vietnam,https://www.vietnamworks.com/viec-lam?keyword=Vinamilk,https://www.topcv.vn/viec-lam?keyword=Vinamilk,https://itviec.com/it-jobs?query=Vinamilk,,https://vn.indeed.com/jobs?q=Vinamilk,t,t,2026-04-28 09:43:56.175192+00,2026-04-28 14:37:30.358374+00
101,17,office-admin,Hanh chinh van phong,43,Viettel Group,Tập đoàn Viettel,"Tap doan vien thong lon nhat. Thu ky, hanh chinh van phong.",Telecommunications,enterprise,Nationwide,https://viettelgroup.vn/tuyen-dung,https://www.linkedin.com/jobs/search/?keywords=Viettel+Group&location=Vietnam,https://www.vietnamworks.com/viec-lam?keyword=Viettel+Group,https://www.topcv.vn/viec-lam?keyword=Viettel+Group,https://itviec.com/it-jobs?query=Viettel+Group,,https://vn.indeed.com/jobs?q=Viettel+Group,t,t,2026-04-28 09:43:56.175192+00,2026-04-28 14:37:30.358374+00
102,17,office-admin,Hanh chinh van phong,43,Adecco Vietnam,Adecco Việt Nam,"Cong ty nhan su quoc te. Cung cap nhan vien hanh chinh, van phong.",HR Staffing,large,HCM / Hanoi,https://www.adecco.com.vn/vi/careers,https://www.linkedin.com/jobs/search/?keywords=Adecco+Vietnam&location=Vietnam,https://www.vietnamworks.com/viec-lam?keyword=Adecco+Vietnam,https://www.topcv.vn/viec-lam?keyword=Adecco+Vietnam,https://itviec.com/it-jobs?query=Adecco+Vietnam,,https://vn.indeed.com/jobs?q=Adecco+Vietnam,t,t,2026-04-28 09:43:56.175192+00,2026-04-28 14:37:30.358374+00
103,17,office-admin,Hanh chinh van phong,43,ManpowerGroup Vietnam,ManpowerGroup Việt Nam,"Nhan su quoc te. Chuyen nhan vien hanh chinh, ke toan, thu ky.",HR Staffing,large,HCM / Hanoi,https://www.manpower.com.vn/vi/careers,https://www.linkedin.com/jobs/search/?keywords=ManpowerGroup+Vietnam&location=Vietnam,https://www.vietnamworks.com/viec-lam?keyword=ManpowerGroup+Vietnam,https://www.topcv.vn/viec-lam?keyword=ManpowerGroup+Vietnam,https://itviec.com/it-jobs?query=ManpowerGroup+Vietnam,,https://vn.indeed.com/jobs?q=ManpowerGroup+Vietnam,t,t,2026-04-28 09:43:56.175192+00,2026-04-28 14:37:30.358374+00
104,18,farming-forestry,Nong nghiep & Lam nghiep,45,VinEco,VinEco,"Cong ty nong nghiep Vingroup. Ky su nong nghiep, ky thuat vien.",Agriculture Technology,large,Nationwide,https://vineco.vn/tuyen-dung,https://www.linkedin.com/jobs/search/?keywords=VinEco&location=Vietnam,https://www.vietnamworks.com/viec-lam?keyword=VinEco,https://www.topcv.vn/viec-lam?keyword=VinEco,https://itviec.com/it-jobs?query=VinEco,,https://vn.indeed.com/jobs?q=VinEco,t,t,2026-04-28 09:43:56.175192+00,2026-04-28 14:37:30.358374+00
105,18,farming-forestry,Nong nghiep & Lam nghiep,45,Lộc Trời Group,Tập đoàn Lộc Trời,"Tap doan nong nghiep vung DBSCL. Ky su nong nghiep, thuoc BVTV.",Agriculture,enterprise,An Giang / Nationwide,https://www.loctroigroup.com/tuyen-dung,https://www.linkedin.com/jobs/search/?keywords=L%E1%BB%99c+Tr%E1%BB%9Di+Group&location=Vietnam,https://www.vietnamworks.com/viec-lam?keyword=L%E1%BB%99c+Tr%E1%BB%9Di+Group,https://www.topcv.vn/viec-lam?keyword=L%E1%BB%99c+Tr%E1%BB%9Di+Group,https://itviec.com/it-jobs?query=L%E1%BB%99c+Tr%E1%BB%9Di+Group,,https://vn.indeed.com/jobs?q=L%E1%BB%99c+Tr%E1%BB%9Di+Group,t,t,2026-04-28 09:43:56.175192+00,2026-04-28 14:37:30.358374+00
106,18,farming-forestry,Nong nghiep & Lam nghiep,45,Syngenta Vietnam,Syngenta,"Cong ty nong hoa My. Ky thuat vien nong nghiep, sale agri.",Agribusiness,large,HCM,https://www.syngenta.com/en/careers,https://www.linkedin.com/jobs/search/?keywords=Syngenta+Vietnam&location=Vietnam,https://www.vietnamworks.com/viec-lam?keyword=Syngenta+Vietnam,https://www.topcv.vn/viec-lam?keyword=Syngenta+Vietnam,https://itviec.com/it-jobs?query=Syngenta+Vietnam,,https://vn.indeed.com/jobs?q=Syngenta+Vietnam,t,t,2026-04-28 09:43:56.175192+00,2026-04-28 14:37:30.358374+00
107,18,farming-forestry,Nong nghiep & Lam nghiep,45,Viện Lâm nghiệp Việt Nam,VNFOREST,"Vien nghien cuu lam nghiep. Tuyen chuyen gia rac rung, GIS.",Forestry Research,enterprise,Hanoi,,https://www.linkedin.com/jobs/search/?keywords=Vi%E1%BB%87n+L%C3%A2m+nghi%E1%BB%87p+Vi%E1%BB%87t+Nam&location=Vietnam,https://www.vietnamworks.com/viec-lam?keyword=Vi%E1%BB%87n+L%C3%A2m+nghi%E1%BB%87p+Vi%E1%BB%87t+Nam,https://www.topcv.vn/viec-lam?keyword=Vi%E1%BB%87n+L%C3%A2m+nghi%E1%BB%87p+Vi%E1%BB%87t+Nam,https://itviec.com/it-jobs?query=Vi%E1%BB%87n+L%C3%A2m+nghi%E1%BB%87p+Vi%E1%BB%87t+Nam,,https://vn.indeed.com/jobs?q=Vi%E1%BB%87n+L%C3%A2m+nghi%E1%BB%87p+Vi%E1%BB%87t+Nam,t,t,2026-04-28 09:43:56.175192+00,2026-04-28 14:37:30.358374+00
109,19,construction,Xay dung,47,Hoa Binh Construction,Hòa Bình,"Nha thau hang dau mien Nam. Ky su kien truc, ME, QC.",Construction,enterprise,Nationwide,https://hoacom.vn/tuyen-dung,https://www.linkedin.com/jobs/search/?keywords=Hoa+Binh+Construction&location=Vietnam,https://www.vietnamworks.com/viec-lam?keyword=Hoa+Binh+Construction,https://www.topcv.vn/viec-lam?keyword=Hoa+Binh+Construction,https://itviec.com/it-jobs?query=Hoa+Binh+Construction,,https://vn.indeed.com/jobs?q=Hoa+Binh+Construction,t,t,2026-04-28 09:43:56.175192+00,2026-04-28 14:37:30.358374+00
110,19,construction,Xay dung,47,Novaland,Novaland,"Chu dau tu BDS lon. Ky su XD, quan ly du an BDS.",Real Estate Development,enterprise,HCM / South,https://novaland.com.vn/tuyen-dung,https://www.linkedin.com/jobs/search/?keywords=Novaland&location=Vietnam,https://www.vietnamworks.com/viec-lam?keyword=Novaland,https://www.topcv.vn/viec-lam?keyword=Novaland,https://itviec.com/it-jobs?query=Novaland,,https://vn.indeed.com/jobs?q=Novaland,t,t,2026-04-28 09:43:56.175192+00,2026-04-28 14:37:30.358374+00
111,19,construction,Xay dung,47,VinHomes,Vinhomes,"Bat dong san Vingroup. Ky su van hanh, bao tri du an nha o.",Real Estate,enterprise,Nationwide,https://vinhomes.vn/tuyen-dung,https://www.linkedin.com/jobs/search/?keywords=VinHomes&location=Vietnam,https://www.vietnamworks.com/viec-lam?keyword=VinHomes,https://www.topcv.vn/viec-lam?keyword=VinHomes,https://itviec.com/it-jobs?query=VinHomes,,https://vn.indeed.com/jobs?q=VinHomes,t,t,2026-04-28 09:43:56.175192+00,2026-04-28 14:37:30.358374+00
112,20,installation-repair,Lap dat & Sua chua,49,Samsung Electronics Vietnam,Samsung Việt Nam,"Nha may Samsung lon nhat TG. Ky thuat vien lap dat, bao tri.",Electronics,enterprise,Bac Ninh / Thai Nguyen,https://samsungvina.com.vn/tuyen-dung,https://www.linkedin.com/jobs/search/?keywords=Samsung+Electronics+Vietnam&location=Vietnam,https://www.vietnamworks.com/viec-lam?keyword=Samsung+Electronics+Vietnam,https://www.topcv.vn/viec-lam?keyword=Samsung+Electronics+Vietnam,https://itviec.com/it-jobs?query=Samsung+Electronics+Vietnam,,https://vn.indeed.com/jobs?q=Samsung+Electronics+Vietnam,t,t,2026-04-28 09:43:56.175192+00,2026-04-28 14:37:30.358374+00
113,20,installation-repair,Lap dat & Sua chua,49,Carrier Vietnam,Carrier,"Dieu hoa khong khi. Ky su bao tri, lap dat he thong lanh.",HVAC,large,HCM,,https://www.linkedin.com/jobs/search/?keywords=Carrier+Vietnam&location=Vietnam,https://www.vietnamworks.com/viec-lam?keyword=Carrier+Vietnam,https://www.topcv.vn/viec-lam?keyword=Carrier+Vietnam,https://itviec.com/it-jobs?query=Carrier+Vietnam,,https://vn.indeed.com/jobs?q=Carrier+Vietnam,t,t,2026-04-28 09:43:56.175192+00,2026-04-28 14:37:30.358374+00
114,20,installation-repair,Lap dat & Sua chua,49,Petrolimex,Tập đoàn Xăng dầu VN,Tap doan xang dau lon nhat. Ky thuat vien bao tri tram xang.,Energy,enterprise,Nationwide,https://petrolimex.com.vn/tuyen-dung,https://www.linkedin.com/jobs/search/?keywords=Petrolimex&location=Vietnam,https://www.vietnamworks.com/viec-lam?keyword=Petrolimex,https://www.topcv.vn/viec-lam?keyword=Petrolimex,https://itviec.com/it-jobs?query=Petrolimex,,https://vn.indeed.com/jobs?q=Petrolimex,t,t,2026-04-28 09:43:56.175192+00,2026-04-28 14:37:30.358374+00
115,21,production,San xuat,51,Toyota Vietnam,Toyota Việt Nam,"Hang xe hoi Nhat Ban. Ky su san xuat, kiem soat chat luong o to.",Automotive,enterprise,Vinh Phuc,https://toyota.com.vn/tuyen-dung,https://www.linkedin.com/jobs/search/?keywords=Toyota+Vietnam&location=Vietnam,https://www.vietnamworks.com/viec-lam?keyword=Toyota+Vietnam,https://www.topcv.vn/viec-lam?keyword=Toyota+Vietnam,https://itviec.com/it-jobs?query=Toyota+Vietnam,,https://vn.indeed.com/jobs?q=Toyota+Vietnam,t,t,2026-04-28 09:43:56.175192+00,2026-04-28 14:37:30.358374+00
28,1,management,Quan ly,11,Vingroup,Tập đoàn Vingroup,Tap doan tu nhan lon nhat Viet Nam. Tuyen quan ly cap trung va cao.,Conglomerate,enterprise,Nationwide,https://careers.vingroup.net,https://www.linkedin.com/jobs/search/?keywords=Vingroup&location=Vietnam,https://www.vietnamworks.com/viec-lam?keyword=Vingroup,https://www.topcv.vn/viec-lam?keyword=Vingroup,https://itviec.com/it-jobs?query=Vingroup,,https://vn.indeed.com/jobs?q=Vingroup,t,t,2026-04-28 09:43:56.175192+00,2026-04-28 14:37:30.358374+00
29,1,management,Quan ly,11,FPT Corporation,Tập đoàn FPT,Tap doan cong nghe hang dau. Co hoi quan ly da nganh.,Technology & Retail,enterprise,Nationwide,https://fpt.com.vn/tuyen-dung,https://www.linkedin.com/jobs/search/?keywords=FPT+Corporation&location=Vietnam,https://www.vietnamworks.com/viec-lam?keyword=FPT+Corporation,https://www.topcv.vn/viec-lam?keyword=FPT+Corporation,https://itviec.com/it-jobs?query=FPT+Corporation,,https://vn.indeed.com/jobs?q=FPT+Corporation,t,t,2026-04-28 09:43:56.175192+00,2026-04-28 14:37:30.358374+00
108,19,construction,Xay dung,47,Coteccons,Coteccons,"Nha thau lon nhat VN. Ky su XD, giam sat, du toan cong trinh.",General Contractor,enterprise,Nationwide,https://coteccons.vn/tuyen-dung,https://www.linkedin.com/jobs/search/?keywords=Coteccons&location=Vietnam,https://www.vietnamworks.com/viec-lam?keyword=Coteccons,https://www.topcv.vn/viec-lam?keyword=Coteccons,https://itviec.com/it-jobs?query=Coteccons,,https://vn.indeed.com/jobs?q=Coteccons,t,t,2026-04-28 09:43:56.175192+00,2026-04-28 14:37:30.358374+00
116,21,production,San xuat,51,Hoa Phat Group,Hòa Phát,"Thep lon nhat VN. Cong nhan ky thuat, ky su san xuat thep.",Steel Manufacturing,enterprise,Nationwide,https://hoaphat.com.vn/tuyen-dung,https://www.linkedin.com/jobs/search/?keywords=Hoa+Phat+Group&location=Vietnam,https://www.vietnamworks.com/viec-lam?keyword=Hoa+Phat+Group,https://www.topcv.vn/viec-lam?keyword=Hoa+Phat+Group,https://itviec.com/it-jobs?query=Hoa+Phat+Group,,https://vn.indeed.com/jobs?q=Hoa+Phat+Group,t,t,2026-04-28 09:43:56.175192+00,2026-04-28 14:37:30.358374+00
117,21,production,San xuat,51,Vinfast,VinFast,"Hang xe o to dien Viet Nam. Ky su che tao, chuyen vien chat luong.",Automotive Manufacturing,enterprise,Hai Phong / HCM,https://vinfastcareers.com,https://www.linkedin.com/jobs/search/?keywords=Vinfast&location=Vietnam,https://www.vietnamworks.com/viec-lam?keyword=Vinfast,https://www.topcv.vn/viec-lam?keyword=Vinfast,https://itviec.com/it-jobs?query=Vinfast,,https://vn.indeed.com/jobs?q=Vinfast,t,t,2026-04-28 09:43:56.175192+00,2026-04-28 14:37:30.358374+00
118,21,production,San xuat,51,Intel Products Vietnam,Intel Việt Nam,"Nha may Intel lon nhat chau A. Ky su QA, ky thuat vien san xuat chip.",Semiconductor,enterprise,HCM,,https://www.linkedin.com/jobs/search/?keywords=Intel+Products+Vietnam&location=Vietnam,https://www.vietnamworks.com/viec-lam?keyword=Intel+Products+Vietnam,https://www.topcv.vn/viec-lam?keyword=Intel+Products+Vietnam,https://itviec.com/it-jobs?query=Intel+Products+Vietnam,,https://vn.indeed.com/jobs?q=Intel+Products+Vietnam,t,t,2026-04-28 09:43:56.175192+00,2026-04-28 14:37:30.358374+00
119,21,production,San xuat,51,Nestle Vietnam,Nestlé Việt Nam,"Tap doan thuc pham Thuy Si. Ky su thuc pham, chat luong san xuat.",Food Manufacturing,enterprise,Dong Nai / HCM,https://www.nestle.com.vn/tuyen-dung,https://www.linkedin.com/jobs/search/?keywords=Nestle+Vietnam&location=Vietnam,https://www.vietnamworks.com/viec-lam?keyword=Nestle+Vietnam,https://www.topcv.vn/viec-lam?keyword=Nestle+Vietnam,https://itviec.com/it-jobs?query=Nestle+Vietnam,,https://vn.indeed.com/jobs?q=Nestle+Vietnam,t,t,2026-04-28 09:43:56.175192+00,2026-04-28 14:37:30.358374+00
120,22,transportation,Van tai,53,Vietnam Airlines,Vietnam Airlines,"Hang hang khong quoc gia. Phi cong, tiet vien, ky thuat may bay.",Aviation,enterprise,Nationwide,https://www.vietnamairlines.com/vn/vi/tuyen-dung,https://www.linkedin.com/jobs/search/?keywords=Vietnam+Airlines&location=Vietnam,https://www.vietnamworks.com/viec-lam?keyword=Vietnam+Airlines,https://www.topcv.vn/viec-lam?keyword=Vietnam+Airlines,https://itviec.com/it-jobs?query=Vietnam+Airlines,,https://vn.indeed.com/jobs?q=Vietnam+Airlines,t,t,2026-04-28 09:43:56.175192+00,2026-04-28 14:37:30.358374+00
121,22,transportation,Van tai,53,DHL Vietnam,DHL Việt Nam,"Cong ty van chuyen quoc te. Tai xe, quan ly kho, logistics.",Logistics,enterprise,Nationwide,https://careers.dhl.com/global/en,https://www.linkedin.com/jobs/search/?keywords=DHL+Vietnam&location=Vietnam,https://www.vietnamworks.com/viec-lam?keyword=DHL+Vietnam,https://www.topcv.vn/viec-lam?keyword=DHL+Vietnam,https://itviec.com/it-jobs?query=DHL+Vietnam,,https://vn.indeed.com/jobs?q=DHL+Vietnam,t,t,2026-04-28 09:43:56.175192+00,2026-04-28 14:37:30.358374+00
122,22,transportation,Van tai,53,Grab Vietnam,Grab Việt Nam,"Ung dung goi xe, GrabFood. Van hanh, logistics, cong nghe.",Ride-hailing & Delivery,enterprise,Nationwide,https://careers.grab.com,https://www.linkedin.com/jobs/search/?keywords=Grab+Vietnam&location=Vietnam,https://www.vietnamworks.com/viec-lam?keyword=Grab+Vietnam,https://www.topcv.vn/viec-lam?keyword=Grab+Vietnam,https://itviec.com/it-jobs?query=Grab+Vietnam,,https://vn.indeed.com/jobs?q=Grab+Vietnam,t,t,2026-04-28 09:43:56.175192+00,2026-04-28 14:37:30.358374+00
123,22,transportation,Van tai,53,Viettel Post,Viettel Post,"Buu chinh Viettel. Nhan vien phat hang, giam sat van hanh.",Postal & Logistics,enterprise,Nationwide,https://viettelpost.vn/tuyen-dung,https://www.linkedin.com/jobs/search/?keywords=Viettel+Post&location=Vietnam,https://www.vietnamworks.com/viec-lam?keyword=Viettel+Post,https://www.topcv.vn/viec-lam?keyword=Viettel+Post,https://itviec.com/it-jobs?query=Viettel+Post,,https://vn.indeed.com/jobs?q=Viettel+Post,t,t,2026-04-28 09:43:56.175192+00,2026-04-28 14:37:30.358374+00
124,22,transportation,Van tai,53,Giao Hang Nhanh (GHN),Giao Hàng Nhanh,"Cong ty giao van toc do cao. Ky thuat van hanh, quan ly kho.",Last-mile Delivery,large,Nationwide,https://ghn.vn/tuyen-dung,https://www.linkedin.com/jobs/search/?keywords=Giao+Hang+Nhanh+%28GHN%29&location=Vietnam,https://www.vietnamworks.com/viec-lam?keyword=Giao+Hang+Nhanh+%28GHN%29,https://www.topcv.vn/viec-lam?keyword=Giao+Hang+Nhanh+%28GHN%29,https://itviec.com/it-jobs?query=Giao+Hang+Nhanh+%28GHN%29,,https://vn.indeed.com/jobs?q=Giao+Hang+Nhanh+%28GHN%29,t,t,2026-04-28 09:43:56.175192+00,2026-04-28 14:37:30.358374+00
125,22,transportation,Van tai,53,Vietjet Air,Vietjet Air,"Hang hang khong gia re. Phi cong, tiet vien, ky thuat.",Aviation,enterprise,HCM / Hanoi,https://www.vietjetair.com/Sites/Web/vi-VN/pages/tuyen-dung,https://www.linkedin.com/jobs/search/?keywords=Vietjet+Air&location=Vietnam,https://www.vietnamworks.com/viec-lam?keyword=Vietjet+Air,https://www.topcv.vn/viec-lam?keyword=Vietjet+Air,https://itviec.com/it-jobs?query=Vietjet+Air,,https://vn.indeed.com/jobs?q=Vietjet+Air,t,t,2026-04-28 09:43:56.175192+00,2026-04-28 14:37:30.358374+00
